Workbook

Sheet A̳ssets
B3: Paleta de Cores
B5: # 9BC848 | C5: Xbox Color | E5: # E8E6E9 | F5: negative zone
B6: # 22C55E | C6: Xbox Color
B7: # 2AE6B1 | C7: Menus
B8: # 5BF6A8 | C8: Menus
B12: Logos | J12: ícones

Sheet B̳ases
A1: ID do Assinante | B1: Nome | C1: Plano | D1: Data de Início | E1: Renovação Automática | F1: Preço da Assinatura | G1: Tipo de Assinatura | H1: Passe de Temporada EA Play | I1: Preço do Passe EA Play | J1: Passe de Temporada Minecraft | K1: Preço do Passe Minecraft | L1: Valor do Cupom | M1: Valor Total
A2: 3231 | B2: João Silva | C2: Ultimate | D2: 45292 | E2: Sim | F2: 15 | G2: Mensal | H2: Sim | I2: 30 | J2: Sim | K2: 20 | L2: 5 | M2: 60
A3: 3232 | B3: Maria Oliveira | C3: Core | D3: 45306 | E3: Não | F3: 5 | G3: Anual | H3: Não | I3: - | J3: Não | K3: 0 | L3: 0 | M3: 5
A4: 3233 | B4: Lucas Fernandes | C4: Standard | D4: 45332 | E4: Sim | F4: 10 | G4: Trimestral | H4: Não | I4: - | J4: Sim | K4: 20 | L4: 10 | M4: 20
A5: 3234 | B5: Ana Souza | C5: Ultimate | D5: 45342 | E5: Não | F5: 15 | G5: Mensal | H5: Sim | I5: 30 | J5: Sim | K5: 20 | L5: 3 | M5: 62
A6: 3235 | B6: Pedro Gonçalves | C6: Core | D6: 45356 | E6: Sim | F6: 5 | G6: Mensal | H6: Não | I6: - | J6: Não | K6: 0 | L6: 1 | M6: 4
A7: 3236 | B7: Felipe Costa | C7: Standard | D7: 45353 | E7: Não | F7: 10 | G7: Mensal | H7: Não | I7: - | J7: Sim | K7: 20 | L7: 2 | M7: 28
A8: 3237 | B8: Camila Ribeiro | C8: Ultimate | D8: 45354 | E8: Sim | F8: 15 | G8: Trimestral | H8: Sim | I8: 30 | J8: Sim | K8: 20 | L8: 10 | M8: 55
A9: 3238 | B9: André Mendes | C9: Core | D9: 45355 | E9: Sim | F9: 5 | G9: Anual | H9: Não | I9: - | J9: Não | K9: 0 | L9: 0 | M9: 5
A10: 3239 | B10: Sofia Almeida | C10: Ultimate | D10: 45356 | E10: Não | F10: 15 | G10: Mensal | H10: Sim | I10: 30 | J10: Sim | K10: 20 | L10: 5 | M10: 60
A11: 3240 | B11: Bruno Martins | C11: Standard | D11: 45357 | E11: Sim | F11: 10 | G11: Trimestral | H11: Não | I11: - | J11: Sim | K11: 20 | L11: 15 | M11: 15
A12: 3241 | B12: Rita Castro | C12: Core | D12: 45358 | E12: Não | F12: 5 | G12: Mensal | H12: Não | I12: - | J12: Não | K12: 0 | L12: 1 | M12: 4
A13: 3242 | B13: Marco Túlio | C13: Ultimate | D13: 45359 | E13: Sim | F13: 15 | G13: Anual | H13: Sim | I13: 30 | J13: Sim | K13: 20 | L13: 20 | M13: 45
A14: 3243 | B14: Lívia Silveira | C14: Standard | D14: 45360 | E14: Não | F14: 10 | G14: Mensal | H14: Não | I14: - | J14: Sim | K14: 20 | L14: 10 | M14: 20
A15: 3244 | B15: Diogo Sousa | C15: Core | D15: 45361 | E15: Sim | F15: 5 | G15: Trimestral | H15: Não | I15: - | J15: Não | K15: 0 | L15: 0 | M15: 5
A16: 3245 | B16: Fernanda Lima | C16: Ultimate | D16: 45362 | E16: Não | F16: 15 | G16: Mensal | H16: Sim | I16: 30 | J16: Sim | K16: 20 | L16: 8 | M16: 57
A17: 3246 | B17: Caio Pereira | C17: Standard | D17: 45363 | E17: Sim | F17: 10 | G17: Anual | H17: Não | I17: - | J17: Sim | K17: 20 | L17: 12 | M17: 18
A18: 3247 | B18: Beatriz Gomes | C18: Core | D18: 45364 | E18: Não | F18: 5 | G18: Mensal | H18: Não | I18: - | J18: Não | K18: 0 | L18: 2 | M18: 3
A19: 3248 | B19: Cesar Oliveira | C19: Ultimate | D19: 45365 | E19: Sim | F19: 15 | G19: Trimestral | H19: Sim | I19: 30 | J19: Sim | K19: 20 | L19: 7 | M19: 58
A20: 3249 | B20: Débora Machado | C20: Standard | D20: 45366 | E20: Não | F20: 10 | G20: Mensal | H20: Não | I20: - | J20: Sim | K20: 20 | L20: 5 | M20: 25
A21: 3250 | B21: Eduardo Vargas | C21: Core | D21: 45367 | E21: Sim | F21: 5 | G21: Anual | H21: Não | I21: - | J21: Não | K21: 0 | L21: 0 | M21: 5
A22: 3251 | B22: Gabriela Santos | C22: Ultimate | D22: 45368 | E22: Não | F22: 15 | G22: Mensal | H22: Sim | I22: 30 | J22: Sim | K22: 20 | L22: 3 | M22: 62
A23: 3252 | B23: Henrique Dias | C23: Standard | D23: 45369 | E23: Sim | F23: 10 | G23: Trimestral | H23: Não | I23: - | J23: Sim | K23: 20 | L23: 15 | M23: 15
A24: 3253 | B24: Isabela Moreira | C24: Core | D24: 45370 | E24: Não | F24: 5 | G24: Mensal | H24: Não | I24: - | J24: Não | K24: 0 | L24: 1 | M24: 4
A25: 3254 | B25: Joaquim Barbosa | C25: Ultimate | D25: 45371 | E25: Sim | F25: 15 | G25: Anual | H25: Sim | I25: 30 | J25: Sim | K25: 20 | L25: 20 | M25: 45
A26: 3255 | B26: Lara Rocha | C26: Standard | D26: 45372 | E26: Não | F26: 10 | G26: Mensal | H26: Não | I26: - | J26: Sim | K26: 20 | L26: 10 | M26: 20
A27: 3256 | B27: Matheus Silva | C27: Core | D27: 45373 | E27: Sim | F27: 5 | G27: Trimestral | H27: Não | I27: - | J27: Não | K27: 0 | L27: 0 | M27: 5
A28: 3257 | B28: Nicole Costa | C28: Ultimate | D28: 45374 | E28: Não | F28: 15 | G28: Mensal | H28: Sim | I28: 30 | J28: Sim | K28: 20 | L28: 5 | M28: 60
A29: 3258 | B29: Otávio Mendonça | C29: Standard | D29: 45375 | E29: Sim | F29: 10 | G29: Anual | H29: Não | I29: - | J29: Sim | K29: 20 | L29: 15 | M29: 15
A30: 3259 | B30: Paula Ferreira | C30: Core | D30: 45376 | E30: Não | F30: 5 | G30: Mensal | H30: Não | I30: - | J30: Não | K30: 0 | L30: 1 | M30: 4
A31: 3260 | B31: Raquel Alves | C31: Ultimate | D31: 45377 | E31: Sim | F31: 15 | G31: Trimestral | H31: Sim | I31: 30 | J31: Sim | K31: 20 | L31: 7 | M31: 58
A32: 3261 | B32: Samuel Pires | C32: Standard | D32: 45378 | E32: Não | F32: 10 | G32: Mensal | H32: Não | I32: - | J32: Sim | K32: 20 | L32: 10 | M32: 20
A33: 3262 | B33: Tânia Barros | C33: Core | D33: 45379 | E33: Sim | F33: 5 | G33: Anual | H33: Não | I33: - | J33: Não | K33: 0 | L33: 0 | M33: 5
A34: 3263 | B34: Vinicius Lima | C34: Ultimate | D34: 45380 | E34: Não | F34: 15 | G34: Mensal | H34: Sim | I34: 30 | J34: Sim | K34: 20 | L34: 3 | M34: 62
A35: 3264 | B35: Yasmin Teixeira | C35: Standard | D35: 45381 | E35: Sim | F35: 10 | G35: Trimestral | H35: Não | I35: - | J35: Sim | K35: 20 | L35: 15 | M35: 15
A36: 3265 | B36: Zé Carlos | C36: Core | D36: 45382 | E36: Não | F36: 5 | G36: Mensal | H36: Não | I36: - | J36: Não | K36: 0 | L36: 1 | M36: 4
A37: 3266 | B37: Amanda Nogueira | C37: Core | D37: 45383 | E37: Sim | F37: 5 | G37: Mensal | H37: Não | I37: - | J37: Não | K37: 0 | L37: 0 | M37: 5
A38: 3267 | B38: Bruno Cavalheiro | C38: Ultimate | D38: 45384 | E38: Não | F38: 15 | G38: Trimestral | H38: Sim | I38: 30 | J38: Sim | K38: 20 | L38: 7 | M38: 58
A39: 3268 | B39: Carla Dias | C39: Standard | D39: 45385 | E39: Sim | F39: 10 | G39: Anual | H39: Não | I39: - | J39: Sim | K39: 20 | L39: 10 | M39: 20
A40: 3269 | B40: Diego Fontes | C40: Core | D40: 45386 | E40: Não | F40: 5 | G40: Trimestral | H40: Não | I40: - | J40: Não | K40: 0 | L40: 1 | M40: 4
A41: 3270 | B41: Eunice Lima | C41: Ultimate | D41: 45387 | E41: Sim | F41: 15 | G41: Mensal | H41: Sim | I41: 30 | J41: Sim | K41: 20 | L41: 15 | M41: 50
A42: 3271 | B42: Fábio Martins | C42: Standard | D42: 45388 | E42: Não | F42: 10 | G42: Mensal | H42: Não | I42: - | J42: Sim | K42: 20 | L42: 5 | M42: 25
A43: 3272 | B43: Gisele Araújo | C43: Core | D43: 45389 | E43: Sim | F43: 5 | G43: Anual | H43: Não | I43: - | J43: Não | K43: 0 | L43: 0 | M43: 5
A44: 3273 | B44: Hélio Castro | C44: Ultimate | D44: 45390 | E44: Não | F44: 15 | G44: Trimestral | H44: Sim | I44: 30 | J44: Sim | K44: 20 | L44: 20 | M44: 45
A45: 3274 | B45: Ingrid Menezes | C45: Standard | D45: 45391 | E45: Sim | F45: 10 | G45: Trimestral | H45: Não | I45: - | J45: Sim | K45: 20 | L45: 12 | M45: 18
A46: 3275 | B46: Jorge Baptista | C46: Core | D46: 45392 | E46: Não | F46: 5 | G46: Mensal | H46: Não | I46: - | J46: Não | K46: 0 | L46: 2 | M46: 3
A47: 3276 | B47: Kléber Oliveira | C47: Ultimate | D47: 45393 | E47: Sim | F47: 15 | G47: Anual | H47: Sim | I47: 30 | J47: Sim | K47: 20 | L47: 5 | M47: 60
A48: 3277 | B48: Luciana Freitas | C48: Standard | D48: 45394 | E48: Não | F48: 10 | G48: Mensal | H48: Não | I48: - | J48: Sim | K48: 20 | L48: 10 | M48: 20
A49: 3278 | B49: Márcia Eller | C49: Core | D49: 45395 | E49: Sim | F49: 5 | G49: Trimestral | H49: Não | I49: - | J49: Não | K49: 0 | L49: 0 | M49: 5
A50: 3279 | B50: Nilo Peçanha | C50: Ultimate | D50: 45396 | E50: Não | F50: 15 | G50: Mensal | H50: Sim | I50: 30 | J50: Sim | K50: 20 | L50: 3 | M50: 62
A51: 3280 | B51: Oscar Neves | C51: Standard | D51: 45397 | E51: Sim | F51: 10 | G51: Anual | H51: Não | I51: - | J51: Sim | K51: 20 | L51: 15 | M51: 15
A52: 3281 | B52: Patrícia Soares | C52: Core | D52: 45398 | E52: Não | F52: 5 | G52: Mensal | H52: Não | I52: - | J52: Não | K52: 0 | L52: 1 | M52: 4
A53: 3282 | B53: Quirino Gonçalves | C53: Ultimate | D53: 45399 | E53: Sim | F53: 15 | G53: Trimestral | H53: Sim | I53: 30 | J53: Sim | K53: 20 | L53: 7 | M53: 58
A54: 3283 | B54: Raul Machado | C54: Standard | D54: 45400 | E54: Não | F54: 10 | G54: Mensal | H54: Não | I54: - | J54: Sim | K54: 20 | L54: 10 | M54: 20
A55: 3284 | B55: Sônia Lobo | C55: Core | D55: 45401 | E55: Sim | F55: 5 | G55: Anual | H55: Não | I55: - | J55: Não | K55: 0 | L55: 0 | M55: 5
A56: 3285 | B56: Tiago Ramos | C56: Ultimate | D56: 45402 | E56: Não | F56: 15 | G56: Mensal | H56: Sim | I56: 30 | J56: Sim | K56: 20 | L56: 20 | M56: 45
A57: 3286 | B57: Ugo Pires | C57: Standard | D57: 45403 | E57: Sim | F57: 10 | G57: Trimestral | H57: Não | I57: - | J57: Sim | K57: 20 | L57: 15 | M57: 15
A58: 3287 | B58: Valéria Nobre | C58: Core | D58: 45404 | E58: Não | F58: 5 | G58: Mensal | H58: Não | I58: - | J58: Não | K58: 0 | L58: 1 | M58: 4
A59: 3288 | B59: William Siqueira | C59: Ultimate | D59: 45405 | E59: Sim | F59: 15 | G59: Anual | H59: Sim | I59: 30 | J59: Sim | K59: 20 | L59: 3 | M59: 62
A60: 3289 | B60: Xuxa Meneghel | C60: Standard | D60: 45406 | E60: Não | F60: 10 | G60: Mensal | H60: Não | I60: - | J60: Sim | K60: 20 | L60: 10 | M60: 20
A61: 3290 | B61: Yara Figueiredo | C61: Core | D61: 45407 | E61: Sim | F61: 5 | G61: Trimestral | H61: Não | I61: - | J61: Não | K61: 0 | L61: 0 | M61: 5
A62: 3291 | B62: Zacarias Alves | C62: Ultimate | D62: 45408 | E62: Não | F62: 15 | G62: Mensal | H62: Sim | I62: 30 | J62: Sim | K62: 20 | L62: 5 | M62: 60
A63: 3292 | B63: Amanda Bynes | C63: Standard | D63: 45409 | E63: Sim | F63: 10 | G63: Anual | H63: Não | I63: - | J63: Sim | K63: 20 | L63: 15 | M63: 15
A64: 3293 | B64: Bruno Mars | C64: Core | D64: 45410 | E64: Não | F64: 5 | G64: Mensal | H64: Não | I64: - | J64: Não | K64: 0 | L64: 1 | M64: 4
A65: 3294 | B65: Carla Bruni | C65: Ultimate | D65: 45411 | E65: Sim | F65: 15 | G65: Trimestral | H65: Sim | I65: 30 | J65: Sim | K65: 20 | L65: 20 | M65: 45
A66: 3295 | B66: Diego Maradona | C66: Standard | D66: 45412 | E66: Não | F66: 10 | G66: Mensal | H66: Não | I66: - | J66: Sim | K66: 20 | L66: 5 | M66: 25
A67: 3296 | B67: Estela Marques | C67: Core | D67: 45413 | E67: Não | F67: 5 | G67: Mensal | H67: Não | I67: - | J67: Não | K67: 0 | L67: 0 | M67: 5
A68: 3297 | B68: Fábio Nobre | C68: Ultimate | D68: 45414 | E68: Sim | F68: 15 | G68: Trimestral | H68: Sim | I68: 30 | J68: Sim | K68: 20 | L68: 7 | M68: 58
A69: 3298 | B69: Gabriel Oliveira | C69: Standard | D69: 45415 | E69: Não | F69: 10 | G69: Anual | H69: Não | I69: - | J69: Sim | K69: 20 | L69: 10 | M69: 20
A70: 3299 | B70: Helena Santos | C70: Core | D70: 45416 | E70: Sim | F70: 5 | G70: Trimestral | H70: Não | I70: - | J70: Não | K70: 0 | L70: 1 | M70: 4
A71: 3300 | B71: Ivan Carvalho | C71: Ultimate | D71: 45417 | E71: Não | F71: 15 | G71: Mensal | H71: Sim | I71: 30 | J71: Sim | K71: 20 | L71: 15 | M71: 50
A72: 3301 | B72: Júlia Ferreira | C72: Standard | D72: 45418 | E72: Sim | F72: 10 | G72: Mensal | H72: Não | I72: - | J72: Sim | K72: 20 | L72: 5 | M72: 25
A73: 3302 | B73: Karla Alves | C73: Core | D73: 45419 | E73: Não | F73: 5 | G73: Anual | H73: Não | I73: - | J73: Não | K73: 0 | L73: 0 | M73: 5
A74: 3303 | B74: Lucas Mendes | C74: Ultimate | D74: 45420 | E74: Sim | F74: 15 | G74: Trimestral | H74: Sim | I74: 30 | J74: Sim | K74: 20 | L74: 20 | M74: 45
A75: 3304 | B75: Mônica Gomes | C75: Standard | D75: 45421 | E75: Não | F75: 10 | G75: Trimestral | H75: Não | I75: - | J75: Sim | K75: 20 | L75: 12 | M75: 18
A76: 3305 | B76: Norberto Queiroz | C76: Core | D76: 45422 | E76: Sim | F76: 5 | G76: Mensal | H76: Não | I76: - | J76: Não | K76: 0 | L76: 2 | M76: 3
A77: 3306 | B77: Otávio Barros | C77: Ultimate | D77: 45423 | E77: Não | F77: 15 | G77: Anual | H77: Sim | I77: 30 | J77: Sim | K77: 20 | L77: 5 | M77: 60
A78: 3307 | B78: Paula Vieira | C78: Standard | D78: 45424 | E78: Sim | F78: 10 | G78: Mensal | H78: Não | I78: - | J78: Sim | K78: 20 | L78: 10 | M78: 20
A79: 3308 | B79: Quentin Ramos | C79: Core | D79: 45425 | E79: Não | F79: 5 | G79: Trimestral | H79: Não | I79: - | J79: Não | K79: 0 | L79: 0 | M79: 5
A80: 3309 | B80: Raquel Novaes | C80: Ultimate | D80: 45426 | E80: Sim | F80: 15 | G80: Mensal | H80: Sim | I80: 30 | J80: Sim | K80: 20 | L80: 3 | M80: 62
A81: 3310 | B81: Samantha Lopes | C81: Standard | D81: 45427 | E81: Não | F81: 10 | G81: Anual | H81: Não | I81: - | J81: Sim | K81: 20 | L81: 15 | M81: 15
A82: 3311 | B82: Tiago Martins | C82: Core | D82: 45428 | E82: Sim | F82: 5 | G82: Mensal | H82: Não | I82: - | J82: Não | K82: 0 | L82: 1 | M82: 4
A83: 3312 | B83: Ulysses Guimarães | C83: Ultimate | D83: 45429 | E83: Não | F83: 15 | G83: Trimestral | H83: Sim | I83: 30 | J83: Sim | K83: 20 | L83: 7 | M83: 58
A84: 3313 | B84: Vanessa Silva | C84: Standard | D84: 45430 | E84: Sim | F84: 10 | G84: Mensal | H84: Não | I84: - | J84: Sim | K84: 20 | L84: 10 | M84: 20
A85: 3314 | B85: William Carneiro | C85: Core | D85: 45431 | E85: Não | F85: 5 | G85: Anual | H85: Não | I85: - | J85: Não | K85: 0 | L85: 0 | M85: 5
A86: 3315 | B86: Ximena Rocha | C86: Ultimate | D86: 45432 | E86: Sim | F86: 15 | G86: Mensal | H86: Sim | I86: 30 | J86: Sim | K86: 20 | L86: 20 | M86: 45
A87: 3316 | B87: Yasmin Figueiredo | C87: Standard | D87: 45433 | E87: Não | F87: 10 | G87: Trimestral | H87: Não | I87: - | J87: Sim | K87: 20 | L87: 15 | M87: 15
A88: 3317 | B88: Zara Cunha | C88: Core | D88: 45434 | E88: Sim | F88: 5 | G88: Mensal | H88: Não | I88: - | J88: Não | K88: 0 | L88: 1 | M88: 4
A89: 3318 | B89: Alan Teixeira | C89: Ultimate | D89: 45435 | E89: Não | F89: 15 | G89: Anual | H89: Sim | I89: 30 | J89: Sim | K89: 20 | L89: 3 | M89: 62
A90: 3319 | B90: Bárbara Oliveira | C90: Standard | D90: 45436 | E90: Sim | F90: 10 | G90: Mensal | H90: Não | I90: - | J90: Sim | K90: 20 | L90: 10 | M90: 20
A91: 3320 | B91: Carlos Junqueira | C91: Core | D91: 45437 | E91: Não | F91: 5 | G91: Trimestral | H91: Não | I91: - | J91: Não | K91: 0 | L91: 0 | M91: 5
A92: 3321 | B92: Daniela Moura | C92: Ultimate | D92: 45438 | E92: Sim | F92: 15 | G92: Mensal | H92: Sim | I92: 30 | J92: Sim | K92: 20 | L92: 5 | M92: 60
A93: 3322 | B93: Eduardo Lima | C93: Standard | D93: 45439 | E93: Não | F93: 10 | G93: Anual | H93: Não | I93: - | J93: Sim | K93: 20 | L93: 15 | M93: 15
A94: 3323 | B94: Fabiana Araújo | C94: Core | D94: 45440 | E94: Sim | F94: 5 | G94: Mensal | H94: Não | I94: - | J94: Não | K94: 0 | L94: 1 | M94: 4
A95: 3324 | B95: Geraldo Ribeiro | C95: Ultimate | D95: 45441 | E95: Não | F95: 15 | G95: Trimestral | H95: Sim | I95: 30 | J95: Sim | K95: 20 | L95: 20 | M95: 45
A96: 3325 | B96: Héctor Vargas | C96: Standard | D96: 45442 | E96: Sim | F96: 10 | G96: Trimestral | H96: Não | I96: - | J96: Sim | K96: 20 | L96: 15 | M96: 15
A97: 3326 | B97: Isabela Fonseca | C97: Core | D97: 45443 | E97: Não | F97: 5 | G97: Anual | H97: Não | I97: - | J97: Não | K97: 0 | L97: 0 | M97: 5
A98: 3327 | B98: João Pedro Almeida | C98: Ultimate | D98: 45444 | E98: Sim | F98: 15 | G98: Mensal | H98: Sim | I98: 30 | J98: Sim | K98: 20 | L98: 7 | M98: 58
A99: 3328 | B99: Klara Costa | C99: Standard | D99: 45445 | E99: Não | F99: 10 | G99: Anual | H99: Não | I99: - | J99: Sim | K99: 20 | L99: 10 | M99: 20
A100: 3329 | B100: Luciana Mendes | C100: Core | D100: 45446 | E100: Sim | F100: 5 | G100: Trimestral | H100: Não | I100: - | J100: Não | K100: 0 | L100: 1 | M100: 4
...

Sheet C̳álculos
A1: Indicadores
A3: Assinantes | B3: =COUNTA('B̳ases'!$A$2:$A$296)
A4: Receita total | B4: =SUM('B̳ases'!$M$2:$M$296)
A5: Ticket médio | B5: =B4/B3
A6: Total em cupons | B6: =SUM('B̳ases'!$L$2:$L$296)
A7: % renovação automática | B7: =COUNTIF('B̳ases'!$E$2:$E$296,"Sim")/B3
A10: Por plano
A11: Plano | B11: Assinantes | C11: Receita
A12: Core | B12: =COUNTIF('B̳ases'!$C$2:$C$296,A12) | C12: =SUMIF('B̳ases'!$C$2:$C$296,A12,'B̳ases'!$M$2:$M$296)
A13: Standard | B13: =COUNTIF('B̳ases'!$C$2:$C$296,A13) | C13: =SUMIF('B̳ases'!$C$2:$C$296,A13,'B̳ases'!$M$2:$M$296)
A14: Ultimate | B14: =COUNTIF('B̳ases'!$C$2:$C$296,A14) | C14: =SUMIF('B̳ases'!$C$2:$C$296,A14,'B̳ases'!$M$2:$M$296)
A17: Por tipo de assinatura
A18: Tipo | B18: Assinantes | C18: Receita | D18: Chave
A19: Mensal | B19: =COUNTIF('B̳ases'!$G$2:$G$296,D19) | C19: =SUMIF('B̳ases'!$G$2:$G$296,D19,'B̳ases'!$M$2:$M$296) | D19: Mensal
A20: Trimestral | B20: =COUNTIF('B̳ases'!$G$2:$G$296,D20) | C20: =SUMIF('B̳ases'!$G$2:$G$296,D20,'B̳ases'!$M$2:$M$296) | D20: Trimestral
A21: Anual | B21: =COUNTIF('B̳ases'!$G$2:$G$296,D21) | C21: =SUMIF('B̳ases'!$G$2:$G$296,D21,'B̳ases'!$M$2:$M$296) | D21: Anual
A24: Renovação automática
A25: Renovação | B25: Assinantes | C25: Chave
A26: Com renovação | B26: =COUNTIF('B̳ases'!$E$2:$E$296,C26) | C26: Sim
A27: Sem renovação | B27: =COUNTIF('B̳ases'!$E$2:$E$296,C27) | C27: Não
A30: Passes adicionais
A31: Passe | B31: Assinantes | C31: Receita
A32: EA Play | B32: =COUNTIF('B̳ases'!$H$2:$H$296,"Sim") | C32: =SUM('B̳ases'!$I$2:$I$296)
A33: Por mês de início (2024) | B33: =COUNTIF('B̳ases'!$J$2:$J$296,"Sim") | C33: =SUM('B̳ases'!$K$2:$K$296)
A34: Mês | B34: Novas assinaturas | C34: Receita
A35: Jan | B35: =COUNTIFS('B̳ases'!$D$2:$D$296,">="&DATE(2024,1,1),'B̳ases'!$D$2:$D$296,"<"&DATE(2024,2,1)) | C35: =SUMIFS('B̳ases'!$M$2:$M$296,'B̳ases'!$D$2:$D$296,">="&DATE(2024,1,1),'B̳ases'!$D$2:$D$296,"<"&DATE(2024,2,1))
A36: Fev | B36: =COUNTIFS('B̳ases'!$D$2:$D$296,">="&DATE(2024,2,1),'B̳ases'!$D$2:$D$296,"<"&DATE(2024,3,1)) | C36: =SUMIFS('B̳ases'!$M$2:$M$296,'B̳ases'!$D$2:$D$296,">="&DATE(2024,2,1),'B̳ases'!$D$2:$D$296,"<"&DATE(2024,3,1))
A37: Mar | B37: =COUNTIFS('B̳ases'!$D$2:$D$296,">="&DATE(2024,3,1),'B̳ases'!$D$2:$D$296,"<"&DATE(2024,4,1)) | C37: =SUMIFS('B̳ases'!$M$2:$M$296,'B̳ases'!$D$2:$D$296,">="&DATE(2024,3,1),'B̳ases'!$D$2:$D$296,"<"&DATE(2024,4,1))
A38: Abr | B38: =COUNTIFS('B̳ases'!$D$2:$D$296,">="&DATE(2024,4,1),'B̳ases'!$D$2:$D$296,"<"&DATE(2024,5,1)) | C38: =SUMIFS('B̳ases'!$M$2:$M$296,'B̳ases'!$D$2:$D$296,">="&DATE(2024,4,1),'B̳ases'!$D$2:$D$296,"<"&DATE(2024,5,1))
A39: Mai | B39: =COUNTIFS('B̳ases'!$D$2:$D$296,">="&DATE(2024,5,1),'B̳ases'!$D$2:$D$296,"<"&DATE(2024,6,1)) | C39: =SUMIFS('B̳ases'!$M$2:$M$296,'B̳ases'!$D$2:$D$296,">="&DATE(2024,5,1),'B̳ases'!$D$2:$D$296,"<"&DATE(2024,6,1))
A40: Jun | B40: =COUNTIFS('B̳ases'!$D$2:$D$296,">="&DATE(2024,6,1),'B̳ases'!$D$2:$D$296,"<"&DATE(2024,7,1)) | C40: =SUMIFS('B̳ases'!$M$2:$M$296,'B̳ases'!$D$2:$D$296,">="&DATE(2024,6,1),'B̳ases'!$D$2:$D$296,"<"&DATE(2024,7,1))
A41: Jul | B41: =COUNTIFS('B̳ases'!$D$2:$D$296,">="&DATE(2024,7,1),'B̳ases'!$D$2:$D$296,"<"&DATE(2024,8,1)) | C41: =SUMIFS('B̳ases'!$M$2:$M$296,'B̳ases'!$D$2:$D$296,">="&DATE(2024,7,1),'B̳ases'!$D$2:$D$296,"<"&DATE(2024,8,1))
A42: Ago | B42: =COUNTIFS('B̳ases'!$D$2:$D$296,">="&DATE(2024,8,1),'B̳ases'!$D$2:$D$296,"<"&DATE(2024,9,1)) | C42: =SUMIFS('B̳ases'!$M$2:$M$296,'B̳ases'!$D$2:$D$296,">="&DATE(2024,8,1),'B̳ases'!$D$2:$D$296,"<"&DATE(2024,9,1))
A43: Set | B43: =COUNTIFS('B̳ases'!$D$2:$D$296,">="&DATE(2024,9,1),'B̳ases'!$D$2:$D$296,"<"&DATE(2024,10,1)) | C43: =SUMIFS('B̳ases'!$M$2:$M$296,'B̳ases'!$D$2:$D$296,">="&DATE(2024,9,1),'B̳ases'!$D$2:$D$296,"<"&DATE(2024,10,1))
A44: Out | B44: =COUNTIFS('B̳ases'!$D$2:$D$296,">="&DATE(2024,10,1),'B̳ases'!$D$2:$D$296,"<"&DATE(2024,11,1)) | C44: =SUMIFS('B̳ases'!$M$2:$M$296,'B̳ases'!$D$2:$D$296,">="&DATE(2024,10,1),'B̳ases'!$D$2:$D$296,"<"&DATE(2024,11,1))
A45: Nov | B45: =COUNTIFS('B̳ases'!$D$2:$D$296,">="&DATE(2024,11,1),'B̳ases'!$D$2:$D$296,"<"&DATE(2024,12,1)) | C45: =SUMIFS('B̳ases'!$M$2:$M$296,'B̳ases'!$D$2:$D$296,">="&DATE(2024,11,1),'B̳ases'!$D$2:$D$296,"<"&DATE(2024,12,1))
A46: Dez | B46: =COUNTIFS('B̳ases'!$D$2:$D$296,">="&DATE(2024,12,1),'B̳ases'!$D$2:$D$296,"<"&DATE(2025,1,1)) | C46: =SUMIFS('B̳ases'!$M$2:$M$296,'B̳ases'!$D$2:$D$296,">="&DATE(2024,12,1),'B̳ases'!$D$2:$D$296,"<"&DATE(2025,1,1))

Sheet D̳ashboard
B2: Xbox Game Pass | Dashboard de Vendas 2024
B3: Assinantes, receita e passes adicionais
B6: Assinantes | F6: Receita total | J6: Ticket médio | N6: Total em cupons | R6: Renovação automática
B7: ='C̳álculos'!B3 | F7: ='C̳álculos'!B4 | J7: ='C̳álculos'!B5 | N7: ='C̳álculos'!B6 | R7: ='C̳álculos'!B7
